<?xml version="1.0" encoding="ISO-8859-1" ?>
<link_info>
   <banner>TI ARM Linker Unix v20.2.6.LTS</banner>
   <copyright>Copyright (c) 1996-2018 Texas Instruments Incorporated</copyright>
   <link_time>0x631e7040</link_time>
   <link_errors>0x0</link_errors>
   <output_file>CLI.out</output_file>
   <entry_point>
      <name>_c_int00_noinit_noargs</name>
      <address>0x1315</address>
   </entry_point>
   <input_file_list>
      <input_file id="fl-1">
         <path>./</path>
         <kind>object</kind>
         <file>cli.obj</file>
         <name>cli.obj</name>
      </input_file>
      <input_file id="fl-2">
         <path>./</path>
         <kind>object</kind>
         <file>clock.obj</file>
         <name>clock.obj</name>
      </input_file>
      <input_file id="fl-3">
         <path>./</path>
         <kind>object</kind>
         <file>gpio.obj</file>
         <name>gpio.obj</name>
      </input_file>
      <input_file id="fl-4">
         <path>./</path>
         <kind>object</kind>
         <file>nvic.obj</file>
         <name>nvic.obj</name>
      </input_file>
      <input_file id="fl-5">
         <path>./</path>
         <kind>object</kind>
         <file>tm4c123gh6pm_startup_ccs.obj</file>
         <name>tm4c123gh6pm_startup_ccs.obj</name>
      </input_file>
      <input_file id="fl-6">
         <path>./</path>
         <kind>object</kind>
         <file>uart0.obj</file>
         <name>uart0.obj</name>
      </input_file>
      <input_file id="fl-7">
         <path>./</path>
         <kind>object</kind>
         <file>wait.obj</file>
         <name>wait.obj</name>
      </input_file>
      <input_file id="fl-b">
         <kind>object</kind>
         <file>&lt;internal&gt;</file>
         <name>&lt;internal&gt;</name>
      </input_file>
      <input_file id="fl-c1">
         <path>/Applications/ti/ccs1110/ccs/tools/compiler/ti-cgt-arm_20.2.6.LTS/lib/</path>
         <kind>archive</kind>
         <file>rtsv7M4_T_le_v4SPD16_eabi.lib</file>
         <name>copy_zero_init.c.obj</name>
      </input_file>
      <input_file id="fl-c2">
         <path>/Applications/ti/ccs1110/ccs/tools/compiler/ti-cgt-arm_20.2.6.LTS/lib/</path>
         <kind>archive</kind>
         <file>rtsv7M4_T_le_v4SPD16_eabi.lib</file>
         <name>copy_decompress_none.c.obj</name>
      </input_file>
      <input_file id="fl-c3">
         <path>/Applications/ti/ccs1110/ccs/tools/compiler/ti-cgt-arm_20.2.6.LTS/lib/</path>
         <kind>archive</kind>
         <file>rtsv7M4_T_le_v4SPD16_eabi.lib</file>
         <name>copy_decompress_lzss.c.obj</name>
      </input_file>
      <input_file id="fl-c4">
         <path>/Applications/ti/ccs1110/ccs/tools/compiler/ti-cgt-arm_20.2.6.LTS/lib/</path>
         <kind>archive</kind>
         <file>rtsv7M4_T_le_v4SPD16_eabi.lib</file>
         <name>boot_cortex_m.c.obj</name>
      </input_file>
      <input_file id="fl-c5">
         <path>/Applications/ti/ccs1110/ccs/tools/compiler/ti-cgt-arm_20.2.6.LTS/lib/</path>
         <kind>archive</kind>
         <file>rtsv7M4_T_le_v4SPD16_eabi.lib</file>
         <name>memcpy_t2.asm.obj</name>
      </input_file>
      <input_file id="fl-c6">
         <path>/Applications/ti/ccs1110/ccs/tools/compiler/ti-cgt-arm_20.2.6.LTS/lib/</path>
         <kind>archive</kind>
         <file>rtsv7M4_T_le_v4SPD16_eabi.lib</file>
         <name>memset_t2.asm.obj</name>
      </input_file>
      <input_file id="fl-c7">
         <path>/Applications/ti/ccs1110/ccs/tools/compiler/ti-cgt-arm_20.2.6.LTS/lib/</path>
         <kind>archive</kind>
         <file>rtsv7M4_T_le_v4SPD16_eabi.lib</file>
         <name>autoinit.c.obj</name>
      </input_file>
      <input_file id="fl-c8">
         <path>/Applications/ti/ccs1110/ccs/tools/compiler/ti-cgt-arm_20.2.6.LTS/lib/</path>
         <kind>archive</kind>
         <file>rtsv7M4_T_le_v4SPD16_eabi.lib</file>
         <name>pre_init.c.obj</name>
      </input_file>
      <input_file id="fl-c9">
         <path>/Applications/ti/ccs1110/ccs/tools/compiler/ti-cgt-arm_20.2.6.LTS/lib/</path>
         <kind>archive</kind>
         <file>rtsv7M4_T_le_v4SPD16_eabi.lib</file>
         <name>cpy_tbl.c.obj</name>
      </input_file>
      <input_file id="fl-ca">
         <path>/Applications/ti/ccs1110/ccs/tools/compiler/ti-cgt-arm_20.2.6.LTS/lib/</path>
         <kind>archive</kind>
         <file>rtsv7M4_T_le_v4SPD16_eabi.lib</file>
         <name>exit.c.obj</name>
      </input_file>
      <input_file id="fl-cb">
         <path>/Applications/ti/ccs1110/ccs/tools/compiler/ti-cgt-arm_20.2.6.LTS/lib/</path>
         <kind>archive</kind>
         <file>rtsv7M4_T_le_v4SPD16_eabi.lib</file>
         <name>_lock.c.obj</name>
      </input_file>
      <input_file id="fl-cc">
         <path>/Applications/ti/ccs1110/ccs/tools/compiler/ti-cgt-arm_20.2.6.LTS/lib/</path>
         <kind>archive</kind>
         <file>rtsv7M4_T_le_v4SPD16_eabi.lib</file>
         <name>args_main.c.obj</name>
      </input_file>
   </input_file_list>
   <object_component_list>
      <object_component id="oc-12">
         <name>.intvecs</name>
         <load_address>0x0</load_address>
         <run_address>0x0</run_address>
         <size>0x26c</size>
         <input_file_ref idref="fl-5"/>
      </object_component>
      <object_component id="oc-ce">
         <name>.text</name>
         <load_address>0x26c</load_address>
         <run_address>0x26c</run_address>
         <size>0x7e4</size>
         <input_file_ref idref="fl-3"/>
      </object_component>
      <object_component id="oc-9b">
         <name>.text</name>
         <load_address>0xa50</load_address>
         <run_address>0xa50</run_address>
         <size>0x79c</size>
         <input_file_ref idref="fl-1"/>
      </object_component>
      <object_component id="oc-d4">
         <name>.text</name>
         <load_address>0x11ec</load_address>
         <run_address>0x11ec</run_address>
         <size>0x128</size>
         <input_file_ref idref="fl-6"/>
      </object_component>
      <object_component id="oc-53">
         <name>.text:_c_int00_noinit_noargs:_c_int00_noinit_noargs</name>
         <load_address>0x1314</load_address>
         <run_address>0x1314</run_address>
         <size>0x2c</size>
         <input_file_ref idref="fl-c4"/>
      </object_component>
      <object_component id="oc-da">
         <name>.text</name>
         <load_address>0x1340</load_address>
         <run_address>0x1340</run_address>
         <size>0x20</size>
         <input_file_ref idref="fl-7"/>
      </object_component>
      <object_component id="oc-c8">
         <name>.text</name>
         <load_address>0x1360</load_address>
         <run_address>0x1360</run_address>
         <size>0x10</size>
         <input_file_ref idref="fl-2"/>
      </object_component>
      <object_component id="oc-27">
         <name>.text</name>
         <load_address>0x1370</load_address>
         <run_address>0x1370</run_address>
         <size>0xc</size>
         <input_file_ref idref="fl-5"/>
      </object_component>
      <object_component id="oc-95">
         <name>.text:_system_pre_init</name>
         <load_address>0x137c</load_address>
         <run_address>0x137c</run_address>
         <size>0x4</size>
         <input_file_ref idref="fl-c8"/>
      </object_component>
      <object_component id="oc-e6">
         <name>.text:abort:abort</name>
         <load_address>0x1380</load_address>
         <run_address>0x1380</run_address>
         <size>0x4</size>
         <input_file_ref idref="fl-ca"/>
      </object_component>
      <object_component id="oc-24">
         <name>.stack</name>
         <uninitialized>true</uninitialized>
         <run_address>0x20000000</run_address>
         <size>0x4</size>
         <input_file_ref idref="fl-c4"/>
      </object_component>
      <object_component id="oc-1b5">
         <name>.stack</name>
         <uninitialized>true</uninitialized>
         <run_address>0x20000000</run_address>
         <size>0x0</size>
      </object_component>
      <object_component id="oc-b7">
         <name>.debug_info</name>
         <load_address>0x0</load_address>
         <run_address>0x0</run_address>
         <size>0x48f</size>
         <input_file_ref idref="fl-1"/>
      </object_component>
      <object_component id="oc-9c">
         <name>.debug_info</name>
         <load_address>0x48f</load_address>
         <run_address>0x48f</run_address>
         <size>0x107e</size>
         <input_file_ref idref="fl-1"/>
      </object_component>
      <object_component id="oc-70">
         <name>.debug_info</name>
         <load_address>0x150d</load_address>
         <run_address>0x150d</run_address>
         <size>0x26b</size>
         <input_file_ref idref="fl-1"/>
      </object_component>
      <object_component id="oc-12b">
         <name>.debug_info</name>
         <load_address>0x1778</load_address>
         <run_address>0x1778</run_address>
         <size>0x88</size>
         <input_file_ref idref="fl-1"/>
      </object_component>
      <object_component id="oc-e1">
         <name>.debug_info</name>
         <load_address>0x1800</load_address>
         <run_address>0x1800</run_address>
         <size>0x8a</size>
         <input_file_ref idref="fl-1"/>
      </object_component>
      <object_component id="oc-b2">
         <name>.debug_info</name>
         <load_address>0x188a</load_address>
         <run_address>0x188a</run_address>
         <size>0x8b</size>
         <input_file_ref idref="fl-1"/>
      </object_component>
      <object_component id="oc-ad">
         <name>.debug_info</name>
         <load_address>0x1915</load_address>
         <run_address>0x1915</run_address>
         <size>0x2a4</size>
         <input_file_ref idref="fl-1"/>
      </object_component>
      <object_component id="oc-75">
         <name>.debug_info</name>
         <load_address>0x1bb9</load_address>
         <run_address>0x1bb9</run_address>
         <size>0xbb</size>
         <input_file_ref idref="fl-1"/>
      </object_component>
      <object_component id="oc-126">
         <name>.debug_info</name>
         <load_address>0x1c74</load_address>
         <run_address>0x1c74</run_address>
         <size>0x35</size>
         <input_file_ref idref="fl-1"/>
      </object_component>
      <object_component id="oc-c9">
         <name>.debug_info</name>
         <load_address>0x1ca9</load_address>
         <run_address>0x1ca9</run_address>
         <size>0x10d</size>
         <input_file_ref idref="fl-2"/>
      </object_component>
      <object_component id="oc-36">
         <name>.debug_info</name>
         <load_address>0x1db6</load_address>
         <run_address>0x1db6</run_address>
         <size>0x84</size>
         <input_file_ref idref="fl-2"/>
      </object_component>
      <object_component id="oc-132">
         <name>.debug_info</name>
         <load_address>0x1e3a</load_address>
         <run_address>0x1e3a</run_address>
         <size>0x255</size>
         <input_file_ref idref="fl-3"/>
      </object_component>
      <object_component id="oc-cf">
         <name>.debug_info</name>
         <load_address>0x208f</load_address>
         <run_address>0x208f</run_address>
         <size>0x103b</size>
         <input_file_ref idref="fl-3"/>
      </object_component>
      <object_component id="oc-2f">
         <name>.debug_info</name>
         <load_address>0x30ca</load_address>
         <run_address>0x30ca</run_address>
         <size>0x2a1</size>
         <input_file_ref idref="fl-5"/>
      </object_component>
      <object_component id="oc-13">
         <name>.debug_info</name>
         <load_address>0x336b</load_address>
         <run_address>0x336b</run_address>
         <size>0xe0</size>
         <input_file_ref idref="fl-5"/>
      </object_component>
      <object_component id="oc-28">
         <name>.debug_info</name>
         <load_address>0x344b</load_address>
         <run_address>0x344b</run_address>
         <size>0x25c</size>
         <input_file_ref idref="fl-5"/>
      </object_component>
      <object_component id="oc-134">
         <name>.debug_info</name>
         <load_address>0x36a7</load_address>
         <run_address>0x36a7</run_address>
         <size>0x340</size>
         <input_file_ref idref="fl-6"/>
      </object_component>
      <object_component id="oc-d6">
         <name>.debug_info</name>
         <load_address>0x39e7</load_address>
         <run_address>0x39e7</run_address>
         <size>0x3b9</size>
         <input_file_ref idref="fl-6"/>
      </object_component>
      <object_component id="oc-db">
         <name>.debug_info</name>
         <load_address>0x3da0</load_address>
         <run_address>0x3da0</run_address>
         <size>0x117</size>
         <input_file_ref idref="fl-7"/>
      </object_component>
      <object_component id="oc-25">
         <name>.debug_info</name>
         <load_address>0x3eb7</load_address>
         <run_address>0x3eb7</run_address>
         <size>0x10b</size>
         <input_file_ref idref="fl-c4"/>
      </object_component>
      <object_component id="oc-54">
         <name>.debug_info</name>
         <load_address>0x3fc2</load_address>
         <run_address>0x3fc2</run_address>
         <size>0x1a2</size>
         <input_file_ref idref="fl-c4"/>
      </object_component>
      <object_component id="oc-96">
         <name>.debug_info</name>
         <load_address>0x4164</load_address>
         <run_address>0x4164</run_address>
         <size>0x153</size>
         <input_file_ref idref="fl-c8"/>
      </object_component>
      <object_component id="oc-e7">
         <name>.debug_info</name>
         <load_address>0x42b7</load_address>
         <run_address>0x42b7</run_address>
         <size>0x122</size>
         <input_file_ref idref="fl-ca"/>
      </object_component>
      <object_component id="oc-1b6">
         <name>.debug_info</name>
         <load_address>0x43d9</load_address>
         <run_address>0x43d9</run_address>
         <size>0x93</size>
      </object_component>
      <object_component id="oc-125">
         <name>.debug_line</name>
         <load_address>0x0</load_address>
         <run_address>0x0</run_address>
         <size>0x56</size>
         <input_file_ref idref="fl-1"/>
      </object_component>
      <object_component id="oc-9f">
         <name>.debug_line</name>
         <load_address>0x56</load_address>
         <run_address>0x56</run_address>
         <size>0x455</size>
         <input_file_ref idref="fl-1"/>
      </object_component>
      <object_component id="oc-73">
         <name>.debug_line</name>
         <load_address>0x4ab</load_address>
         <run_address>0x4ab</run_address>
         <size>0x7a</size>
         <input_file_ref idref="fl-1"/>
      </object_component>
      <object_component id="oc-12e">
         <name>.debug_line</name>
         <load_address>0x525</load_address>
         <run_address>0x525</run_address>
         <size>0x2d</size>
         <input_file_ref idref="fl-1"/>
      </object_component>
      <object_component id="oc-e4">
         <name>.debug_line</name>
         <load_address>0x552</load_address>
         <run_address>0x552</run_address>
         <size>0x2c</size>
         <input_file_ref idref="fl-1"/>
      </object_component>
      <object_component id="oc-b5">
         <name>.debug_line</name>
         <load_address>0x57e</load_address>
         <run_address>0x57e</run_address>
         <size>0x20</size>
         <input_file_ref idref="fl-1"/>
      </object_component>
      <object_component id="oc-b0">
         <name>.debug_line</name>
         <load_address>0x59e</load_address>
         <run_address>0x59e</run_address>
         <size>0x7e</size>
         <input_file_ref idref="fl-1"/>
      </object_component>
      <object_component id="oc-78">
         <name>.debug_line</name>
         <load_address>0x61c</load_address>
         <run_address>0x61c</run_address>
         <size>0x7b</size>
         <input_file_ref idref="fl-1"/>
      </object_component>
      <object_component id="oc-129">
         <name>.debug_line</name>
         <load_address>0x697</load_address>
         <run_address>0x697</run_address>
         <size>0x7f</size>
         <input_file_ref idref="fl-1"/>
      </object_component>
      <object_component id="oc-cc">
         <name>.debug_line</name>
         <load_address>0x716</load_address>
         <run_address>0x716</run_address>
         <size>0x43</size>
         <input_file_ref idref="fl-2"/>
      </object_component>
      <object_component id="oc-39">
         <name>.debug_line</name>
         <load_address>0x759</load_address>
         <run_address>0x759</run_address>
         <size>0x20</size>
         <input_file_ref idref="fl-2"/>
      </object_component>
      <object_component id="oc-157">
         <name>.debug_line</name>
         <load_address>0x779</load_address>
         <run_address>0x779</run_address>
         <size>0x20</size>
         <input_file_ref idref="fl-3"/>
      </object_component>
      <object_component id="oc-d2">
         <name>.debug_line</name>
         <load_address>0x799</load_address>
         <run_address>0x799</run_address>
         <size>0x3b8</size>
         <input_file_ref idref="fl-3"/>
      </object_component>
      <object_component id="oc-6f">
         <name>.debug_line</name>
         <load_address>0xb51</load_address>
         <run_address>0xb51</run_address>
         <size>0x41</size>
         <input_file_ref idref="fl-5"/>
      </object_component>
      <object_component id="oc-2e">
         <name>.debug_line</name>
         <load_address>0xb92</load_address>
         <run_address>0xb92</run_address>
         <size>0x41</size>
         <input_file_ref idref="fl-5"/>
      </object_component>
      <object_component id="oc-2b">
         <name>.debug_line</name>
         <load_address>0xbd3</load_address>
         <run_address>0xbd3</run_address>
         <size>0xa1</size>
         <input_file_ref idref="fl-5"/>
      </object_component>
      <object_component id="oc-159">
         <name>.debug_line</name>
         <load_address>0xc74</load_address>
         <run_address>0xc74</run_address>
         <size>0x2d</size>
         <input_file_ref idref="fl-6"/>
      </object_component>
      <object_component id="oc-d8">
         <name>.debug_line</name>
         <load_address>0xca1</load_address>
         <run_address>0xca1</run_address>
         <size>0xe6</size>
         <input_file_ref idref="fl-6"/>
      </object_component>
      <object_component id="oc-de">
         <name>.debug_line</name>
         <load_address>0xd87</load_address>
         <run_address>0xd87</run_address>
         <size>0x4c</size>
         <input_file_ref idref="fl-7"/>
      </object_component>
      <object_component id="oc-6c">
         <name>.debug_line</name>
         <load_address>0xdd3</load_address>
         <run_address>0xdd3</run_address>
         <size>0x33</size>
         <input_file_ref idref="fl-c4"/>
      </object_component>
      <object_component id="oc-57">
         <name>.debug_line</name>
         <load_address>0xe06</load_address>
         <run_address>0xe06</run_address>
         <size>0x48</size>
         <input_file_ref idref="fl-c4"/>
      </object_component>
      <object_component id="oc-99">
         <name>.debug_line</name>
         <load_address>0xe4e</load_address>
         <run_address>0xe4e</run_address>
         <size>0x40</size>
         <input_file_ref idref="fl-c8"/>
      </object_component>
      <object_component id="oc-ea">
         <name>.debug_line</name>
         <load_address>0xe8e</load_address>
         <run_address>0xe8e</run_address>
         <size>0x3c</size>
         <input_file_ref idref="fl-ca"/>
      </object_component>
      <object_component id="oc-a0">
         <name>.debug_frame</name>
         <load_address>0x0</load_address>
         <run_address>0x0</run_address>
         <size>0x248</size>
         <input_file_ref idref="fl-1"/>
      </object_component>
      <object_component id="oc-cd">
         <name>.debug_frame</name>
         <load_address>0x248</load_address>
         <run_address>0x248</run_address>
         <size>0x54</size>
         <input_file_ref idref="fl-2"/>
      </object_component>
      <object_component id="oc-d3">
         <name>.debug_frame</name>
         <load_address>0x29c</load_address>
         <run_address>0x29c</run_address>
         <size>0x28c</size>
         <input_file_ref idref="fl-3"/>
      </object_component>
      <object_component id="oc-2c">
         <name>.debug_frame</name>
         <load_address>0x528</load_address>
         <run_address>0x528</run_address>
         <size>0x90</size>
         <input_file_ref idref="fl-5"/>
      </object_component>
      <object_component id="oc-d9">
         <name>.debug_frame</name>
         <load_address>0x5b8</load_address>
         <run_address>0x5b8</run_address>
         <size>0xcc</size>
         <input_file_ref idref="fl-6"/>
      </object_component>
      <object_component id="oc-df">
         <name>.debug_frame</name>
         <load_address>0x684</load_address>
         <run_address>0x684</run_address>
         <size>0x58</size>
         <input_file_ref idref="fl-7"/>
      </object_component>
      <object_component id="oc-58">
         <name>.debug_frame</name>
         <load_address>0x6dc</load_address>
         <run_address>0x6dc</run_address>
         <size>0x50</size>
         <input_file_ref idref="fl-c4"/>
      </object_component>
      <object_component id="oc-9a">
         <name>.debug_frame</name>
         <load_address>0x72c</load_address>
         <run_address>0x72c</run_address>
         <size>0x54</size>
         <input_file_ref idref="fl-c8"/>
      </object_component>
      <object_component id="oc-eb">
         <name>.debug_frame</name>
         <load_address>0x780</load_address>
         <run_address>0x780</run_address>
         <size>0x54</size>
         <input_file_ref idref="fl-ca"/>
      </object_component>
      <object_component id="oc-124">
         <name>.debug_abbrev</name>
         <load_address>0x0</load_address>
         <run_address>0x0</run_address>
         <size>0xab</size>
         <input_file_ref idref="fl-1"/>
      </object_component>
      <object_component id="oc-e0">
         <name>.debug_abbrev</name>
         <load_address>0xab</load_address>
         <run_address>0xab</run_address>
         <size>0x13f</size>
         <input_file_ref idref="fl-1"/>
      </object_component>
      <object_component id="oc-72">
         <name>.debug_abbrev</name>
         <load_address>0x1ea</load_address>
         <run_address>0x1ea</run_address>
         <size>0x69</size>
         <input_file_ref idref="fl-1"/>
      </object_component>
      <object_component id="oc-12d">
         <name>.debug_abbrev</name>
         <load_address>0x253</load_address>
         <run_address>0x253</run_address>
         <size>0x44</size>
         <input_file_ref idref="fl-1"/>
      </object_component>
      <object_component id="oc-e3">
         <name>.debug_abbrev</name>
         <load_address>0x297</load_address>
         <run_address>0x297</run_address>
         <size>0x4b</size>
         <input_file_ref idref="fl-1"/>
      </object_component>
      <object_component id="oc-b4">
         <name>.debug_abbrev</name>
         <load_address>0x2e2</load_address>
         <run_address>0x2e2</run_address>
         <size>0x1f</size>
         <input_file_ref idref="fl-1"/>
      </object_component>
      <object_component id="oc-af">
         <name>.debug_abbrev</name>
         <load_address>0x301</load_address>
         <run_address>0x301</run_address>
         <size>0x5c</size>
         <input_file_ref idref="fl-1"/>
      </object_component>
      <object_component id="oc-77">
         <name>.debug_abbrev</name>
         <load_address>0x35d</load_address>
         <run_address>0x35d</run_address>
         <size>0x24</size>
         <input_file_ref idref="fl-1"/>
      </object_component>
      <object_component id="oc-128">
         <name>.debug_abbrev</name>
         <load_address>0x381</load_address>
         <run_address>0x381</run_address>
         <size>0x33</size>
         <input_file_ref idref="fl-1"/>
      </object_component>
      <object_component id="oc-130">
         <name>.debug_abbrev</name>
         <load_address>0x3b4</load_address>
         <run_address>0x3b4</run_address>
         <size>0x50</size>
         <input_file_ref idref="fl-2"/>
      </object_component>
      <object_component id="oc-38">
         <name>.debug_abbrev</name>
         <load_address>0x404</load_address>
         <run_address>0x404</run_address>
         <size>0x1f</size>
         <input_file_ref idref="fl-2"/>
      </object_component>
      <object_component id="oc-156">
         <name>.debug_abbrev</name>
         <load_address>0x423</load_address>
         <run_address>0x423</run_address>
         <size>0x27</size>
         <input_file_ref idref="fl-3"/>
      </object_component>
      <object_component id="oc-131">
         <name>.debug_abbrev</name>
         <load_address>0x44a</load_address>
         <run_address>0x44a</run_address>
         <size>0xf5</size>
         <input_file_ref idref="fl-3"/>
      </object_component>
      <object_component id="oc-6e">
         <name>.debug_abbrev</name>
         <load_address>0x53f</load_address>
         <run_address>0x53f</run_address>
         <size>0x68</size>
         <input_file_ref idref="fl-5"/>
      </object_component>
      <object_component id="oc-2d">
         <name>.debug_abbrev</name>
         <load_address>0x5a7</load_address>
         <run_address>0x5a7</run_address>
         <size>0x29</size>
         <input_file_ref idref="fl-5"/>
      </object_component>
      <object_component id="oc-6d">
         <name>.debug_abbrev</name>
         <load_address>0x5d0</load_address>
         <run_address>0x5d0</run_address>
         <size>0x79</size>
         <input_file_ref idref="fl-5"/>
      </object_component>
      <object_component id="oc-158">
         <name>.debug_abbrev</name>
         <load_address>0x649</load_address>
         <run_address>0x649</run_address>
         <size>0x44</size>
         <input_file_ref idref="fl-6"/>
      </object_component>
      <object_component id="oc-133">
         <name>.debug_abbrev</name>
         <load_address>0x68d</load_address>
         <run_address>0x68d</run_address>
         <size>0xa9</size>
         <input_file_ref idref="fl-6"/>
      </object_component>
      <object_component id="oc-135">
         <name>.debug_abbrev</name>
         <load_address>0x736</load_address>
         <run_address>0x736</run_address>
         <size>0x6c</size>
         <input_file_ref idref="fl-7"/>
      </object_component>
      <object_component id="oc-6b">
         <name>.debug_abbrev</name>
         <load_address>0x7a2</load_address>
         <run_address>0x7a2</run_address>
         <size>0x29</size>
         <input_file_ref idref="fl-c4"/>
      </object_component>
      <object_component id="oc-a2">
         <name>.debug_abbrev</name>
         <load_address>0x7cb</load_address>
         <run_address>0x7cb</run_address>
         <size>0x55</size>
         <input_file_ref idref="fl-c4"/>
      </object_component>
      <object_component id="oc-c7">
         <name>.debug_abbrev</name>
         <load_address>0x820</load_address>
         <run_address>0x820</run_address>
         <size>0x55</size>
         <input_file_ref idref="fl-c8"/>
      </object_component>
      <object_component id="oc-136">
         <name>.debug_abbrev</name>
         <load_address>0x875</load_address>
         <run_address>0x875</run_address>
         <size>0x45</size>
         <input_file_ref idref="fl-ca"/>
      </object_component>
      <object_component id="oc-1b7">
         <name>.debug_abbrev</name>
         <load_address>0x8ba</load_address>
         <run_address>0x8ba</run_address>
         <size>0xf</size>
      </object_component>
      <object_component id="oc-74">
         <name>.debug_str</name>
         <load_address>0x0</load_address>
         <run_address>0x0</run_address>
         <size>0x2af</size>
         <input_file_ref idref="fl-1"/>
      </object_component>
      <object_component id="oc-12f">
         <name>.debug_str</name>
         <load_address>0x2af</load_address>
         <run_address>0x2af</run_address>
         <size>0xc0</size>
         <input_file_ref idref="fl-1"/>
      </object_component>
      <object_component id="oc-e5">
         <name>.debug_str</name>
         <load_address>0x36f</load_address>
         <run_address>0x36f</run_address>
         <size>0xcf</size>
         <input_file_ref idref="fl-1"/>
      </object_component>
      <object_component id="oc-b6">
         <name>.debug_str</name>
         <load_address>0x43e</load_address>
         <run_address>0x43e</run_address>
         <size>0xff</size>
         <input_file_ref idref="fl-1"/>
      </object_component>
      <object_component id="oc-b1">
         <name>.debug_str</name>
         <load_address>0x53d</load_address>
         <run_address>0x53d</run_address>
         <size>0x345</size>
         <input_file_ref idref="fl-1"/>
      </object_component>
      <object_component id="oc-79">
         <name>.debug_str</name>
         <load_address>0x882</load_address>
         <run_address>0x882</run_address>
         <size>0x147</size>
         <input_file_ref idref="fl-1"/>
      </object_component>
      <object_component id="oc-12a">
         <name>.debug_str</name>
         <load_address>0x9c9</load_address>
         <run_address>0x9c9</run_address>
         <size>0xf5</size>
         <input_file_ref idref="fl-1"/>
      </object_component>
      <object_component id="oc-3a">
         <name>.debug_str</name>
         <load_address>0xabe</load_address>
         <run_address>0xabe</run_address>
         <size>0xff</size>
         <input_file_ref idref="fl-2"/>
      </object_component>
      <object_component id="oc-9d">
         <name>.debug_aranges</name>
         <load_address>0x0</load_address>
         <run_address>0x0</run_address>
         <size>0xb8</size>
         <input_file_ref idref="fl-1"/>
      </object_component>
      <object_component id="oc-ca">
         <name>.debug_aranges</name>
         <load_address>0xb8</load_address>
         <run_address>0xb8</run_address>
         <size>0x20</size>
         <input_file_ref idref="fl-2"/>
      </object_component>
      <object_component id="oc-d0">
         <name>.debug_aranges</name>
         <load_address>0xd8</load_address>
         <run_address>0xd8</run_address>
         <size>0xd8</size>
         <input_file_ref idref="fl-3"/>
      </object_component>
      <object_component id="oc-29">
         <name>.debug_aranges</name>
         <load_address>0x1b0</load_address>
         <run_address>0x1b0</run_address>
         <size>0x38</size>
         <input_file_ref idref="fl-5"/>
      </object_component>
      <object_component id="oc-d5">
         <name>.debug_aranges</name>
         <load_address>0x1e8</load_address>
         <run_address>0x1e8</run_address>
         <size>0x48</size>
         <input_file_ref idref="fl-6"/>
      </object_component>
      <object_component id="oc-dc">
         <name>.debug_aranges</name>
         <load_address>0x230</load_address>
         <run_address>0x230</run_address>
         <size>0x20</size>
         <input_file_ref idref="fl-7"/>
      </object_component>
      <object_component id="oc-55">
         <name>.debug_aranges</name>
         <load_address>0x250</load_address>
         <run_address>0x250</run_address>
         <size>0x20</size>
         <input_file_ref idref="fl-c4"/>
      </object_component>
      <object_component id="oc-97">
         <name>.debug_aranges</name>
         <load_address>0x270</load_address>
         <run_address>0x270</run_address>
         <size>0x20</size>
         <input_file_ref idref="fl-c8"/>
      </object_component>
      <object_component id="oc-e8">
         <name>.debug_aranges</name>
         <load_address>0x290</load_address>
         <run_address>0x290</run_address>
         <size>0x20</size>
         <input_file_ref idref="fl-ca"/>
      </object_component>
      <object_component id="oc-9e">
         <name>.debug_pubnames</name>
         <load_address>0x0</load_address>
         <run_address>0x0</run_address>
         <size>0x106</size>
         <input_file_ref idref="fl-1"/>
      </object_component>
      <object_component id="oc-cb">
         <name>.debug_pubnames</name>
         <load_address>0x106</load_address>
         <run_address>0x106</run_address>
         <size>0x2d</size>
         <input_file_ref idref="fl-2"/>
      </object_component>
      <object_component id="oc-d1">
         <name>.debug_pubnames</name>
         <load_address>0x133</load_address>
         <run_address>0x133</run_address>
         <size>0x24a</size>
         <input_file_ref idref="fl-3"/>
      </object_component>
      <object_component id="oc-14">
         <name>.debug_pubnames</name>
         <load_address>0x37d</load_address>
         <run_address>0x37d</run_address>
         <size>0x23</size>
         <input_file_ref idref="fl-5"/>
      </object_component>
      <object_component id="oc-2a">
         <name>.debug_pubnames</name>
         <load_address>0x3a0</load_address>
         <run_address>0x3a0</run_address>
         <size>0x4c</size>
         <input_file_ref idref="fl-5"/>
      </object_component>
      <object_component id="oc-d7">
         <name>.debug_pubnames</name>
         <load_address>0x3ec</load_address>
         <run_address>0x3ec</run_address>
         <size>0x6e</size>
         <input_file_ref idref="fl-6"/>
      </object_component>
      <object_component id="oc-dd">
         <name>.debug_pubnames</name>
         <load_address>0x45a</load_address>
         <run_address>0x45a</run_address>
         <size>0x26</size>
         <input_file_ref idref="fl-7"/>
      </object_component>
      <object_component id="oc-26">
         <name>.debug_pubnames</name>
         <load_address>0x480</load_address>
         <run_address>0x480</run_address>
         <size>0x1e</size>
         <input_file_ref idref="fl-c4"/>
      </object_component>
      <object_component id="oc-56">
         <name>.debug_pubnames</name>
         <load_address>0x49e</load_address>
         <run_address>0x49e</run_address>
         <size>0x2d</size>
         <input_file_ref idref="fl-c4"/>
      </object_component>
      <object_component id="oc-98">
         <name>.debug_pubnames</name>
         <load_address>0x4cb</load_address>
         <run_address>0x4cb</run_address>
         <size>0x27</size>
         <input_file_ref idref="fl-c8"/>
      </object_component>
      <object_component id="oc-e9">
         <name>.debug_pubnames</name>
         <load_address>0x4f2</load_address>
         <run_address>0x4f2</run_address>
         <size>0x1c</size>
         <input_file_ref idref="fl-ca"/>
      </object_component>
      <object_component id="oc-71">
         <name>.debug_pubtypes</name>
         <load_address>0x0</load_address>
         <run_address>0x0</run_address>
         <size>0x25c</size>
         <input_file_ref idref="fl-1"/>
      </object_component>
      <object_component id="oc-12c">
         <name>.debug_pubtypes</name>
         <load_address>0x25c</load_address>
         <run_address>0x25c</run_address>
         <size>0x25</size>
         <input_file_ref idref="fl-1"/>
      </object_component>
      <object_component id="oc-e2">
         <name>.debug_pubtypes</name>
         <load_address>0x281</load_address>
         <run_address>0x281</run_address>
         <size>0x2f</size>
         <input_file_ref idref="fl-1"/>
      </object_component>
      <object_component id="oc-b3">
         <name>.debug_pubtypes</name>
         <load_address>0x2b0</load_address>
         <run_address>0x2b0</run_address>
         <size>0xff</size>
         <input_file_ref idref="fl-1"/>
      </object_component>
      <object_component id="oc-ae">
         <name>.debug_pubtypes</name>
         <load_address>0x3af</load_address>
         <run_address>0x3af</run_address>
         <size>0x330</size>
         <input_file_ref idref="fl-1"/>
      </object_component>
      <object_component id="oc-76">
         <name>.debug_pubtypes</name>
         <load_address>0x6df</load_address>
         <run_address>0x6df</run_address>
         <size>0xaa</size>
         <input_file_ref idref="fl-1"/>
      </object_component>
      <object_component id="oc-127">
         <name>.debug_pubtypes</name>
         <load_address>0x789</load_address>
         <run_address>0x789</run_address>
         <size>0x1f</size>
         <input_file_ref idref="fl-1"/>
      </object_component>
      <object_component id="oc-37">
         <name>.debug_pubtypes</name>
         <load_address>0x7a8</load_address>
         <run_address>0x7a8</run_address>
         <size>0xed</size>
         <input_file_ref idref="fl-2"/>
      </object_component>
   </object_component_list>
   <logical_group_list>
      <logical_group id="lg-3" display="no" color="cyan">
         <name>.intvecs</name>
         <load_address>0x0</load_address>
         <run_address>0x0</run_address>
         <size>0x26c</size>
         <contents>
            <object_component_ref idref="oc-12"/>
         </contents>
      </logical_group>
      <logical_group id="lg-4" display="no" color="cyan">
         <name>.text</name>
         <load_address>0x26c</load_address>
         <run_address>0x26c</run_address>
         <size>0x1118</size>
         <contents>
            <object_component_ref idref="oc-ce"/>
            <object_component_ref idref="oc-9b"/>
            <object_component_ref idref="oc-d4"/>
            <object_component_ref idref="oc-53"/>
            <object_component_ref idref="oc-da"/>
            <object_component_ref idref="oc-c8"/>
            <object_component_ref idref="oc-27"/>
            <object_component_ref idref="oc-95"/>
            <object_component_ref idref="oc-e6"/>
         </contents>
      </logical_group>
      <logical_group id="lg-5" display="no" color="cyan">
         <name>.const</name>
         <run_address>0x0</run_address>
         <size>0x0</size>
         <contents>
         </contents>
      </logical_group>
      <logical_group id="lg-6" display="no" color="cyan">
         <name>.cinit</name>
         <run_address>0x0</run_address>
         <size>0x0</size>
         <contents>
         </contents>
      </logical_group>
      <logical_group id="lg-7" display="no" color="cyan">
         <name>.pinit</name>
         <run_address>0x0</run_address>
         <size>0x0</size>
         <contents>
         </contents>
      </logical_group>
      <logical_group id="lg-8" display="no" color="cyan">
         <name>.init_array</name>
         <run_address>0x0</run_address>
         <size>0x0</size>
         <contents>
         </contents>
      </logical_group>
      <logical_group id="lg-9" display="no" color="cyan">
         <name>.vtable</name>
         <run_address>0x0</run_address>
         <size>0x0</size>
         <contents>
         </contents>
      </logical_group>
      <logical_group id="lg-a" display="no" color="cyan">
         <name>.data</name>
         <run_address>0x0</run_address>
         <size>0x0</size>
         <contents>
         </contents>
      </logical_group>
      <logical_group id="lg-b" display="no" color="cyan">
         <name>.bss</name>
         <run_address>0x0</run_address>
         <size>0x0</size>
         <contents>
         </contents>
      </logical_group>
      <logical_group id="lg-c" display="no" color="cyan">
         <name>.sysmem</name>
         <run_address>0x0</run_address>
         <size>0x0</size>
         <contents>
         </contents>
      </logical_group>
      <logical_group id="lg-d" display="no" color="cyan">
         <name>.stack</name>
         <run_address>0x20000000</run_address>
         <size>0x200</size>
         <contents>
            <object_component_ref idref="oc-24"/>
            <object_component_ref idref="oc-1b5"/>
         </contents>
      </logical_group>
      <logical_group id="lg-18a" display="no" color="cyan">
         <name>.TI.noinit</name>
         <run_address>0x0</run_address>
         <size>0x0</size>
         <contents>
         </contents>
      </logical_group>
      <logical_group id="lg-18b" display="no" color="cyan">
         <name>.TI.persistent</name>
         <run_address>0x0</run_address>
         <size>0x0</size>
         <contents>
         </contents>
      </logical_group>
      <logical_group id="lg-18c" display="no" color="cyan">
         <name>__llvm_prf_cnts</name>
         <run_address>0x20000000</run_address>
         <size>0x0</size>
         <contents>
         </contents>
      </logical_group>
      <logical_group id="lg-19b" display="never" color="cyan">
         <name>.debug_info</name>
         <load_address>0x0</load_address>
         <run_address>0x0</run_address>
         <size>0x446c</size>
         <contents>
            <object_component_ref idref="oc-b7"/>
            <object_component_ref idref="oc-9c"/>
            <object_component_ref idref="oc-70"/>
            <object_component_ref idref="oc-12b"/>
            <object_component_ref idref="oc-e1"/>
            <object_component_ref idref="oc-b2"/>
            <object_component_ref idref="oc-ad"/>
            <object_component_ref idref="oc-75"/>
            <object_component_ref idref="oc-126"/>
            <object_component_ref idref="oc-c9"/>
            <object_component_ref idref="oc-36"/>
            <object_component_ref idref="oc-132"/>
            <object_component_ref idref="oc-cf"/>
            <object_component_ref idref="oc-2f"/>
            <object_component_ref idref="oc-13"/>
            <object_component_ref idref="oc-28"/>
            <object_component_ref idref="oc-134"/>
            <object_component_ref idref="oc-d6"/>
            <object_component_ref idref="oc-db"/>
            <object_component_ref idref="oc-25"/>
            <object_component_ref idref="oc-54"/>
            <object_component_ref idref="oc-96"/>
            <object_component_ref idref="oc-e7"/>
            <object_component_ref idref="oc-1b6"/>
         </contents>
      </logical_group>
      <logical_group id="lg-19d" display="never" color="cyan">
         <name>.debug_line</name>
         <load_address>0x0</load_address>
         <run_address>0x0</run_address>
         <size>0xeca</size>
         <contents>
            <object_component_ref idref="oc-125"/>
            <object_component_ref idref="oc-9f"/>
            <object_component_ref idref="oc-73"/>
            <object_component_ref idref="oc-12e"/>
            <object_component_ref idref="oc-e4"/>
            <object_component_ref idref="oc-b5"/>
            <object_component_ref idref="oc-b0"/>
            <object_component_ref idref="oc-78"/>
            <object_component_ref idref="oc-129"/>
            <object_component_ref idref="oc-cc"/>
            <object_component_ref idref="oc-39"/>
            <object_component_ref idref="oc-157"/>
            <object_component_ref idref="oc-d2"/>
            <object_component_ref idref="oc-6f"/>
            <object_component_ref idref="oc-2e"/>
            <object_component_ref idref="oc-2b"/>
            <object_component_ref idref="oc-159"/>
            <object_component_ref idref="oc-d8"/>
            <object_component_ref idref="oc-de"/>
            <object_component_ref idref="oc-6c"/>
            <object_component_ref idref="oc-57"/>
            <object_component_ref idref="oc-99"/>
            <object_component_ref idref="oc-ea"/>
         </contents>
      </logical_group>
      <logical_group id="lg-19f" display="never" color="cyan">
         <name>.debug_frame</name>
         <load_address>0x0</load_address>
         <run_address>0x0</run_address>
         <size>0x7d4</size>
         <contents>
            <object_component_ref idref="oc-a0"/>
            <object_component_ref idref="oc-cd"/>
            <object_component_ref idref="oc-d3"/>
            <object_component_ref idref="oc-2c"/>
            <object_component_ref idref="oc-d9"/>
            <object_component_ref idref="oc-df"/>
            <object_component_ref idref="oc-58"/>
            <object_component_ref idref="oc-9a"/>
            <object_component_ref idref="oc-eb"/>
         </contents>
      </logical_group>
      <logical_group id="lg-1a1" display="never" color="cyan">
         <name>.debug_abbrev</name>
         <load_address>0x0</load_address>
         <run_address>0x0</run_address>
         <size>0x8c9</size>
         <contents>
            <object_component_ref idref="oc-124"/>
            <object_component_ref idref="oc-e0"/>
            <object_component_ref idref="oc-72"/>
            <object_component_ref idref="oc-12d"/>
            <object_component_ref idref="oc-e3"/>
            <object_component_ref idref="oc-b4"/>
            <object_component_ref idref="oc-af"/>
            <object_component_ref idref="oc-77"/>
            <object_component_ref idref="oc-128"/>
            <object_component_ref idref="oc-130"/>
            <object_component_ref idref="oc-38"/>
            <object_component_ref idref="oc-156"/>
            <object_component_ref idref="oc-131"/>
            <object_component_ref idref="oc-6e"/>
            <object_component_ref idref="oc-2d"/>
            <object_component_ref idref="oc-6d"/>
            <object_component_ref idref="oc-158"/>
            <object_component_ref idref="oc-133"/>
            <object_component_ref idref="oc-135"/>
            <object_component_ref idref="oc-6b"/>
            <object_component_ref idref="oc-a2"/>
            <object_component_ref idref="oc-c7"/>
            <object_component_ref idref="oc-136"/>
            <object_component_ref idref="oc-1b7"/>
         </contents>
      </logical_group>
      <logical_group id="lg-1a3" display="never" color="cyan">
         <name>.debug_str</name>
         <load_address>0x0</load_address>
         <run_address>0x0</run_address>
         <size>0xbbd</size>
         <contents>
            <object_component_ref idref="oc-74"/>
            <object_component_ref idref="oc-12f"/>
            <object_component_ref idref="oc-e5"/>
            <object_component_ref idref="oc-b6"/>
            <object_component_ref idref="oc-b1"/>
            <object_component_ref idref="oc-79"/>
            <object_component_ref idref="oc-12a"/>
            <object_component_ref idref="oc-3a"/>
         </contents>
      </logical_group>
      <logical_group id="lg-1a5" display="never" color="cyan">
         <name>.debug_aranges</name>
         <load_address>0x0</load_address>
         <run_address>0x0</run_address>
         <size>0x2b0</size>
         <contents>
            <object_component_ref idref="oc-9d"/>
            <object_component_ref idref="oc-ca"/>
            <object_component_ref idref="oc-d0"/>
            <object_component_ref idref="oc-29"/>
            <object_component_ref idref="oc-d5"/>
            <object_component_ref idref="oc-dc"/>
            <object_component_ref idref="oc-55"/>
            <object_component_ref idref="oc-97"/>
            <object_component_ref idref="oc-e8"/>
         </contents>
      </logical_group>
      <logical_group id="lg-1a7" display="never" color="cyan">
         <name>.debug_pubnames</name>
         <load_address>0x0</load_address>
         <run_address>0x0</run_address>
         <size>0x50e</size>
         <contents>
            <object_component_ref idref="oc-9e"/>
            <object_component_ref idref="oc-cb"/>
            <object_component_ref idref="oc-d1"/>
            <object_component_ref idref="oc-14"/>
            <object_component_ref idref="oc-2a"/>
            <object_component_ref idref="oc-d7"/>
            <object_component_ref idref="oc-dd"/>
            <object_component_ref idref="oc-26"/>
            <object_component_ref idref="oc-56"/>
            <object_component_ref idref="oc-98"/>
            <object_component_ref idref="oc-e9"/>
         </contents>
      </logical_group>
      <logical_group id="lg-1a9" display="never" color="cyan">
         <name>.debug_pubtypes</name>
         <load_address>0x0</load_address>
         <run_address>0x0</run_address>
         <size>0x895</size>
         <contents>
            <object_component_ref idref="oc-71"/>
            <object_component_ref idref="oc-12c"/>
            <object_component_ref idref="oc-e2"/>
            <object_component_ref idref="oc-b3"/>
            <object_component_ref idref="oc-ae"/>
            <object_component_ref idref="oc-76"/>
            <object_component_ref idref="oc-127"/>
            <object_component_ref idref="oc-37"/>
         </contents>
      </logical_group>
      <logical_group id="lg-1b4" display="no" color="cyan">
         <name>Veneer$$CMSE</name>
         <run_address>0x0</run_address>
         <size>0x0</size>
         <contents>
         </contents>
      </logical_group>
      <load_segment id="lg-1b8" display="no" color="cyan">
         <name>SEGMENT_0</name>
         <load_address>0x0</load_address>
         <run_address>0x0</run_address>
         <size>0x1384</size>
         <flags>0x5</flags>
         <contents>
            <logical_group_ref idref="lg-3"/>
            <logical_group_ref idref="lg-4"/>
         </contents>
      </load_segment>
      <load_segment id="lg-1b9" display="no" color="cyan">
         <name>SEGMENT_1</name>
         <run_address>0x20000000</run_address>
         <size>0x200</size>
         <flags>0x6</flags>
         <contents>
            <logical_group_ref idref="lg-d"/>
         </contents>
      </load_segment>
   </logical_group_list>
   <placement_map>
      <memory_area display="yes" color="green">
         <name>FLASH</name>
         <page_id>0x0</page_id>
         <origin>0x0</origin>
         <length>0x40000</length>
         <used_space>0x1384</used_space>
         <unused_space>0x3ec7c</unused_space>
         <attributes>RX</attributes>
         <usage_details>
            <allocated_space>
               <start_address>0x0</start_address>
               <size>0x26c</size>
               <logical_group_ref idref="lg-3"/>
            </allocated_space>
            <allocated_space>
               <start_address>0x26c</start_address>
               <size>0x1118</size>
               <logical_group_ref idref="lg-4"/>
            </allocated_space>
            <available_space>
               <start_address>0x1384</start_address>
               <size>0x3ec7c</size>
            </available_space>
         </usage_details>
      </memory_area>
      <memory_area display="yes" color="green">
         <name>SRAM</name>
         <page_id>0x0</page_id>
         <origin>0x20000000</origin>
         <length>0x8000</length>
         <used_space>0x200</used_space>
         <unused_space>0x7e00</unused_space>
         <attributes>RWX</attributes>
         <usage_details>
            <allocated_space>
               <start_address>0x20000000</start_address>
               <size>0x0</size>
               <logical_group_ref idref="lg-18c"/>
            </allocated_space>
            <allocated_space>
               <start_address>0x20000000</start_address>
               <size>0x200</size>
               <logical_group_ref idref="lg-d"/>
            </allocated_space>
            <available_space>
               <start_address>0x20000200</start_address>
               <size>0x7e00</size>
            </available_space>
         </usage_details>
      </memory_area>
   </placement_map>
   <symbol_table>
      <symbol id="sm-1">
         <name>__STACK_TOP</name>
         <value>0x20000200</value>
      </symbol>
      <symbol id="sm-2">
         <name>__start___llvm_prf_cnts</name>
         <value>0x20000000</value>
      </symbol>
      <symbol id="sm-3">
         <name>__stop___llvm_prf_cnts</name>
         <value>0x20000000</value>
      </symbol>
      <symbol id="sm-4">
         <name>binit</name>
         <value>0xffffffff</value>
      </symbol>
      <symbol id="sm-5">
         <name>__binit__</name>
         <value>0xffffffff</value>
      </symbol>
      <symbol id="sm-6">
         <name>__STACK_SIZE</name>
         <value>0x200</value>
      </symbol>
      <symbol id="sm-7">
         <name>__STACK_END</name>
         <value>0x20000200</value>
      </symbol>
      <symbol id="sm-8">
         <name>__c_args__</name>
         <value>0xffffffff</value>
      </symbol>
      <symbol id="sm-9">
         <name>__TI_pprof_out_hndl</name>
         <value>0xffffffff</value>
      </symbol>
      <symbol id="sm-a">
         <name>__TI_prof_data_start</name>
         <value>0xffffffff</value>
      </symbol>
      <symbol id="sm-b">
         <name>__TI_prof_data_size</name>
         <value>0xffffffff</value>
      </symbol>
      <symbol id="sm-c">
         <name>__TI_static_base__</name>
         <value>0x0</value>
      </symbol>
      <symbol id="sm-bf">
         <name>selfIToA</name>
         <value>0xac7</value>
         <object_component_ref idref="oc-9b"/>
      </symbol>
      <symbol id="sm-c0">
         <name>initHw</name>
         <value>0xa51</value>
         <object_component_ref idref="oc-9b"/>
      </symbol>
      <symbol id="sm-c1">
         <name>reverse</name>
         <value>0xa93</value>
         <object_component_ref idref="oc-9b"/>
      </symbol>
      <symbol id="sm-c2">
         <name>isCommand</name>
         <value>0xdfb</value>
         <object_component_ref idref="oc-9b"/>
      </symbol>
      <symbol id="sm-c3">
         <name>getFieldString</name>
         <value>0xd6f</value>
         <object_component_ref idref="oc-9b"/>
      </symbol>
      <symbol id="sm-c4">
         <name>strCmp</name>
         <value>0xd9f</value>
         <object_component_ref idref="oc-9b"/>
      </symbol>
      <symbol id="sm-c5">
         <name>pidof</name>
         <value>0xf1f</value>
         <object_component_ref idref="oc-9b"/>
      </symbol>
      <symbol id="sm-c6">
         <name>ipcs</name>
         <value>0xe37</value>
         <object_component_ref idref="oc-9b"/>
      </symbol>
      <symbol id="sm-c7">
         <name>parseFields</name>
         <value>0xc21</value>
         <object_component_ref idref="oc-9b"/>
      </symbol>
      <symbol id="sm-c8">
         <name>getFieldInteger</name>
         <value>0xdd5</value>
         <object_component_ref idref="oc-9b"/>
      </symbol>
      <symbol id="sm-c9">
         <name>ps</name>
         <value>0xe27</value>
         <object_component_ref idref="oc-9b"/>
      </symbol>
      <symbol id="sm-ca">
         <name>main</name>
         <value>0xf3d</value>
         <object_component_ref idref="oc-9b"/>
      </symbol>
      <symbol id="sm-cb">
         <name>kill</name>
         <value>0xe87</value>
         <object_component_ref idref="oc-9b"/>
      </symbol>
      <symbol id="sm-cc">
         <name>swap</name>
         <value>0xa6f</value>
         <object_component_ref idref="oc-9b"/>
      </symbol>
      <symbol id="sm-cd">
         <name>preempt</name>
         <value>0xed7</value>
         <object_component_ref idref="oc-9b"/>
      </symbol>
      <symbol id="sm-ce">
         <name>selfAtoi</name>
         <value>0xb77</value>
         <object_component_ref idref="oc-9b"/>
      </symbol>
      <symbol id="sm-cf">
         <name>sched</name>
         <value>0xefb</value>
         <object_component_ref idref="oc-9b"/>
      </symbol>
      <symbol id="sm-d0">
         <name>pmap</name>
         <value>0xeaf</value>
         <object_component_ref idref="oc-9b"/>
      </symbol>
      <symbol id="sm-d1">
         <name>startUpFlash</name>
         <value>0xe47</value>
         <object_component_ref idref="oc-9b"/>
      </symbol>
      <symbol id="sm-d2">
         <name>getsUart0</name>
         <value>0xbb1</value>
         <object_component_ref idref="oc-9b"/>
      </symbol>
      <symbol id="sm-e4">
         <name>initSystemClockTo40Mhz</name>
         <value>0x1361</value>
         <object_component_ref idref="oc-c8"/>
      </symbol>
      <symbol id="sm-159">
         <name>selectPinInterruptBothEdges</name>
         <value>0x7af</value>
         <object_component_ref idref="oc-ce"/>
      </symbol>
      <symbol id="sm-15a">
         <name>getPortValue</name>
         <value>0x9c1</value>
         <object_component_ref idref="oc-ce"/>
      </symbol>
      <symbol id="sm-15b">
         <name>selectPinAnalogInput</name>
         <value>0x493</value>
         <object_component_ref idref="oc-ce"/>
      </symbol>
      <symbol id="sm-15c">
         <name>clearPinInterrupt</name>
         <value>0x8c1</value>
         <object_component_ref idref="oc-ce"/>
      </symbol>
      <symbol id="sm-15d">
         <name>selectPinPushPullOutput</name>
         <value>0x3a9</value>
         <object_component_ref idref="oc-ce"/>
      </symbol>
      <symbol id="sm-15e">
         <name>selectPinInterruptHighLevel</name>
         <value>0x805</value>
         <object_component_ref idref="oc-ce"/>
      </symbol>
      <symbol id="sm-15f">
         <name>selectPinInterruptFallingEdge</name>
         <value>0x75f</value>
         <object_component_ref idref="oc-ce"/>
      </symbol>
      <symbol id="sm-160">
         <name>selectPinOpenDrainOutput</name>
         <value>0x3f7</value>
         <object_component_ref idref="oc-ce"/>
      </symbol>
      <symbol id="sm-161">
         <name>selectPinInterruptLowLevel</name>
         <value>0x83f</value>
         <object_component_ref idref="oc-ce"/>
      </symbol>
      <symbol id="sm-162">
         <name>setPortValue</name>
         <value>0x945</value>
         <object_component_ref idref="oc-ce"/>
      </symbol>
      <symbol id="sm-163">
         <name>enablePinInterrupt</name>
         <value>0x879</value>
         <object_component_ref idref="oc-ce"/>
      </symbol>
      <symbol id="sm-164">
         <name>setPinAuxFunction</name>
         <value>0x5fd</value>
         <object_component_ref idref="oc-ce"/>
      </symbol>
      <symbol id="sm-165">
         <name>enablePort</name>
         <value>0x26d</value>
         <object_component_ref idref="oc-ce"/>
      </symbol>
      <symbol id="sm-166">
         <name>disablePinPulldown</name>
         <value>0x5d5</value>
         <object_component_ref idref="oc-ce"/>
      </symbol>
      <symbol id="sm-167">
         <name>setPinCommitControl</name>
         <value>0x4e3</value>
         <object_component_ref idref="oc-ce"/>
      </symbol>
      <symbol id="sm-168">
         <name>disablePort</name>
         <value>0x329</value>
         <object_component_ref idref="oc-ce"/>
      </symbol>
      <symbol id="sm-169">
         <name>disablePinInterrupt</name>
         <value>0x89d</value>
         <object_component_ref idref="oc-ce"/>
      </symbol>
      <symbol id="sm-16a">
         <name>enablePinPullup</name>
         <value>0x55f</value>
         <object_component_ref idref="oc-ce"/>
      </symbol>
      <symbol id="sm-16b">
         <name>getPinValue</name>
         <value>0x90b</value>
         <object_component_ref idref="oc-ce"/>
      </symbol>
      <symbol id="sm-16c">
         <name>enablePinPulldown</name>
         <value>0x5b1</value>
         <object_component_ref idref="oc-ce"/>
      </symbol>
      <symbol id="sm-16d">
         <name>disablePinPullup</name>
         <value>0x58d</value>
         <object_component_ref idref="oc-ce"/>
      </symbol>
      <symbol id="sm-16e">
         <name>selectPinDigitalInput</name>
         <value>0x445</value>
         <object_component_ref idref="oc-ce"/>
      </symbol>
      <symbol id="sm-16f">
         <name>selectPinInterruptRisingEdge</name>
         <value>0x70f</value>
         <object_component_ref idref="oc-ce"/>
      </symbol>
      <symbol id="sm-170">
         <name>setPinValue</name>
         <value>0x8e5</value>
         <object_component_ref idref="oc-ce"/>
      </symbol>
      <symbol id="sm-18d">
         <name>ResetISR</name>
         <value>0x1371</value>
         <object_component_ref idref="oc-27"/>
      </symbol>
      <symbol id="sm-18e">
         <name>g_pfnVectors</name>
         <value>0x0</value>
         <object_component_ref idref="oc-12"/>
      </symbol>
      <symbol id="sm-1b1">
         <name>getcUart0</name>
         <value>0x12c3</value>
         <object_component_ref idref="oc-d4"/>
      </symbol>
      <symbol id="sm-1b2">
         <name>kbhitUart0</name>
         <value>0x12d7</value>
         <object_component_ref idref="oc-d4"/>
      </symbol>
      <symbol id="sm-1b3">
         <name>setUart0BaudRate</name>
         <value>0x1237</value>
         <object_component_ref idref="oc-d4"/>
      </symbol>
      <symbol id="sm-1b4">
         <name>putsUart0</name>
         <value>0x1297</value>
         <object_component_ref idref="oc-d4"/>
      </symbol>
      <symbol id="sm-1b5">
         <name>initUart0</name>
         <value>0x11ed</value>
         <object_component_ref idref="oc-d4"/>
      </symbol>
      <symbol id="sm-1b6">
         <name>putcUart0</name>
         <value>0x127b</value>
         <object_component_ref idref="oc-d4"/>
      </symbol>
      <symbol id="sm-1c4">
         <name>waitMicrosecond</name>
         <value>0x1341</value>
         <object_component_ref idref="oc-da"/>
      </symbol>
      <symbol id="sm-1da">
         <name>_c_int00_noinit_noargs</name>
         <value>0x1315</value>
         <object_component_ref idref="oc-53"/>
      </symbol>
      <symbol id="sm-1db">
         <name>__stack</name>
         <value>0x20000000</value>
         <object_component_ref idref="oc-24"/>
      </symbol>
      <symbol id="sm-1e8">
         <name>_system_pre_init</name>
         <value>0x137d</value>
         <object_component_ref idref="oc-95"/>
      </symbol>
      <symbol id="sm-1f4">
         <name>C$$EXIT</name>
         <value>0x1381</value>
         <object_component_ref idref="oc-e6"/>
      </symbol>
      <symbol id="sm-1f5">
         <name>abort</name>
         <value>0x1381</value>
         <object_component_ref idref="oc-e6"/>
      </symbol>
      <symbol id="sm-1f8">
         <name>__mpu_init</name>
         <value>0x0</value>
      </symbol>
   </symbol_table>
   <title>Link successful</title>
</link_info>
